<?xml version="1.0" encoding="utf-8" ?>
<!DOCTYPE article PUBLIC "-//NLM//DTD JATS (Z39.96) Journal Archiving
and Interchange DTD v1.2 20190208//EN" "JATS-archivearticle1.dtd">

<article xmlns:mml="http://www.w3.org/1998/Math/MathML" xmlns:xlink="http://www.w3.org/1999/xlink" dtd-version="1.2" article-type="other">

<front>


<article-meta>


<title-group>
<article-title>Revisiting the SAFE Framework in the Statcast Era: A
Modernized Approach to Evalutating MLB Infield Defense</article-title>
</title-group>

<contrib-group>
<contrib contrib-type="author" corresp="yes">
<name>
<surname>McCord</surname>
<given-names>Tyler</given-names>
</name>
<string-name>Tyler McCord</string-name>

<email>tmccord26@amherst.edu</email>
<xref ref-type="aff" rid="aff-1">a</xref>
<xref ref-type="corresp" rid="cor-1">&#x002A;</xref>
</contrib>
</contrib-group>
<aff id="aff-1">
<institution-wrap>
<institution>Amherst College</institution>
</institution-wrap>







</aff>
<author-notes>
<corresp id="cor-1">tmccord26@amherst.edu</corresp>
</author-notes>









<history></history>


<abstract>
<p>High resolution tracking data has transformed player evaluation in
Major League Baseball (MLB), enabling high-level analysis of player
performance. While public analyses on batting and pitching have advanced
rapidly, defensive evaluation has been comparatively underdeveloped. The
SAFE (Spatially Adjusted Fielding Evaluation) framework, introduced by
Jensen, Shirley, and Wyner
(<xref alt="2009" rid="ref-jensen_2009" ref-type="bibr">2009</xref>),
was the first effort in the public sphere to evaluate defense as a
continuous space. We revisit the SAFE framework using modern Statcast
data with an emphasis on infield defense, a notable struggle for prior
defensive metrics. [Placeholder for results]</p>
</abstract>
<kwd-group kwd-group-type="author">
<kwd>Bayesian modeling, Sports analytics, Baseball defense</kwd>
</kwd-group>




</article-meta>

</front>

<body>
<sec id="introduction">
  <title>1 Introduction</title>
  <p>The evaluation of batting and pitching in baseball has been at the
  forefront of sports analytics for decades, mostly due to their
  discrete nature and the availability of relevant, quantifiable data.
  It is relatively simple to measure the outcome of a plate appearance
  or a pitch, making it easier to develop metrics that accurately
  reflect player performance in these areas. In contrast, defensive
  evaluation has lagged behind due to the continuous, spatio-temporal
  nature of fielding.</p>
  <p>Still, Major League Baseball (MLB) organizations are faced with
  important decisions regarding defense, such as positioning players,
  making defensive substitutions, and evaluating trade-offs between
  offensive and defensive abilities. At the end of each season, MLB
  issues Gold Glove awards to the best defenders at each position,
  highlighting the importance of defense in the game.</p>
  <p>Before the advent of high-resolution player tracking data, teams
  relied on simple defensive metrics such as fielding percentage, which
  calculates the percentage of plays a fielder successfully makes, and
  errors, which count the number of plays that the player does not make
  that the average fielder would. However, errors are prone to
  subjectivity, as they depend primarily on the official scorer’s
  judgement. These metrics also fail to capture the full scope of a
  player’s defensive contributions, as they do not account for factors
  such as range, positioning, and the difficulty of plays made.</p>
  <p>Statisticians have tried to find ways to quantify the nuances of
  defense. In 2003, Mitchel Lichtman introduced the Ultimate Zone Rating
  (UZR) metric, which attempted to evaluate defense by dividing the
  field into discrete zones and assigning run values to plays made or
  not made within those zones. This run-based approach allowed
  statisticians to understand the stakes of each defensive play.</p>
  <p>In 2009, Jensen, Shirley, and Wyner
  (<xref alt="2009" rid="ref-jensen_2009" ref-type="bibr">2009</xref>)
  introduced the SAFE (Spatially Adjusted Fielding Evaluation)
  framework, which built upon UZR by using a hierarchical Bayesian model
  to evaluate defense as a continuous surface. The SAFE framework uses
  estimates of player location, ball location, and ball velocity to
  model the probability of a fielder making a play on a batted ball,
  allowing for a more nuanced evaluation of defensive performance. The
  model combines the probability of a made play with the run
  consequences of that play to estimate the overall defensive
  contribution of a player in terms of runs saved or allowed. The
  hierarchical Bayesian structure also allows for the sharing of
  information across players and positions, improving estimates for
  players with limited data. However, this model is limited by the
  accuracy and reliability of the underlying data used to estimate
  player and ball locations. These data, provided by Baseball Info
  Solutions, used hand-annotated video footage to estimate ball location
  and velocity. Even then, the starting location of the fielder at a
  given position was estimated by the authors by using the average
  location of balls caught by that position.</p>
  <p>Notably, the results of Jensen, Shirley, and Wyner
  (<xref alt="2009" rid="ref-jensen_2009" ref-type="bibr">2009</xref>)
  showed that the autocorrelation of defensive metrics from year to year
  was quite low for infielders. This shortcoming suggests that the
  original SAFE model performed poorly in evaluating infield defense,
  relative to outfield defense.</p>
  <p>Since the publication of the SAFE framework, MLB has introduced
  Statcast, a high-resolution player tracking system that uses a
  combination of radar and camera technology to track the movement of
  players and the ball in real-time. Statcast provides a wealth of data
  that was previously unavailable, including precise measurements of
  player and ball locations, velocities, and trajectories. This data has
  the potential to revolutionize defensive evaluation in baseball,
  allowing for more accurate and reliable estimates of defensive
  performance.</p>
  <p>In this paper, we modernize the original SAFE framework for
  infielders using three years Statcast data (2023-2025). We perform a
  reproduction of the original SAFE model using the new data, and
  compare the validity of these results to those of Jensen, Shirley, and
  Wyner
  (<xref alt="2009" rid="ref-jensen_2009" ref-type="bibr">2009</xref>).
  We also pose an improved model, with additional covariates that were
  not available in the original SAFE framework.</p>
</sec>
<sec id="data">
  <title>2 Data</title>
  <p>Our evaluation of infield defense is based on Statcast data from
  2023-2025. Although Statcast data has been publicly available since
  2015, we focus on the most recent three years because the infield
  “shift”, a defensive strategy where infielders position themselves in
  extreme positions based on the batter’s hitting tendencies, was banned
  following the 2022 season. We believe that narrowing the frame of our
  analysis to non-shifted seasons will yield more accurate estimates due
  to more consistent estimates for fielder locations. We obtain data on
  batted balls through the <monospace>baseballr</monospace> package in
  R, which provides a convenient interface for scraping Statcast data
  from MLB’s public API. The result is an .Rds file for each year of
  interest where each observation corresponds to a single batted ball in
  play (BIP) event. Further, as an extension of the original SAFE
  framework, we extract information on individual player positioning
  before each pitch by using the “Fielder Positioning” page on Baseball
  Savant. The location for each infielder on a given play is not
  publicly available</p>
  <p>For each batted ball in play, we extract the relevant information
  needed to identify the fielder responsible for making a play, the
  location and velocity of the batted ball, and the outcome of the
  play.</p>
  <p>Using these data, we derive the following factors for each batted
  ball:</p>
  <list list-type="bullet">
    <list-item>
      <p><bold>successful_play</bold>: A binary indicator of whether the
      fielder successfully made a play on the batted ball (1 =
      successful play, 0 = unsuccessful play). For ground balls, this is
      defined as whether the fielder was able to field the ball and
      record at least one out. For fly balls/line drives, this is
      defined as whether the fielder was able to catch the ball before
      it touched the ground.</p>
    </list-item>
    <list-item>
      <p><bold>location_x, location_y</bold>: The (x, y) coordinates of
      the batted ball when it reaches the fielder’s location, measured
      in feet from home plate. The origin (0, 0) is at home plate, with
      the positive x-axis extending towards first base and the positive
      y-axis extending towards second base.</p>
    </list-item>
    <list-item>
      <p><bold>spray_angle</bold>: Derived from the (x, y) coordinates,
      this angle represents the direction of the batted ball relative to
      home plate, measured in degrees. The first base foul line
      represents 45 degrees, second base is 0 degrees, and the third
      base foul line is -45 degrees.</p>
    </list-item>
    <list-item>
      <p><bold>launch_velocity</bold>: The velocity at which a ball is
      hit off the bat, measured in miles per hour (mph).</p>
    </list-item>
    <list-item>
      <p><bold>out_{pos}</bold>: A binary indicator for each infielder
      position (1B, 2B, SS, 3B) indicating whether or not the player at
      that position recorded a successful play on the batted ball.</p>
    </list-item>
  </list>
  <p>The resulting dataset contains 372,260 batted balls in play from
  the 2023-2025 seasons.</p>
</sec>
</body>

<back>
<ref-list>
  <title>References</title>
  <ref id="ref-jensen_2009">
    <element-citation publication-type="article-journal">
      <person-group person-group-type="author">
        <name><surname>Jensen</surname><given-names>Shane T</given-names></name>
        <name><surname>Shirley</surname><given-names>Kenneth E</given-names></name>
        <name><surname>Wyner</surname><given-names>Abraham J</given-names></name>
      </person-group>
      <article-title>Bayesball: A bayesian hierarchical model for evaluating fielding in major league baseball</article-title>
      <source>The Annals of Applied Statistics</source>
      <year iso-8601-date="2009">2009</year>
      <volume>3</volume>
      <issue>2</issue>
      <uri>https://projecteuclid.org/journals/annals-of-applied-statistics/volume-3/issue-2/Bayesball--A-Bayesian-hierarchical-model-for-evaluating-fielding-in/10.1214/08-AOAS228.full</uri>
      <pub-id pub-id-type="doi">10.1214/08-AOAS228</pub-id>
      <fpage>491</fpage>
      <lpage>520</lpage>
    </element-citation>
  </ref>
</ref-list>
</back>



</article>