"name_fielder","fielder_id","fld_name_display_club","season","position","pa","avg_norm_start_distance","avg_norm_start_angle"
"Urshela, Gio",570482,"Athletics",2025,"3B","97","112","-27"
"Andujar, Miguel",609280,"Athletics",2025,"3B","72","112","-26"
"Andujar, Miguel",609280,"Athletics",2025,"LF","66","290","-29"
"Urías, Luis",649966,"Athletics",2025,"2B","275","150","19"
"Urías, Luis",649966,"Athletics",2025,"3B","10","116","-27"
"Brown, Seth",664913,"Athletics",2025,"LF","23","289","-29"
"Brown, Seth",664913,"Athletics",2025,"CF","24","319","0"
"Cortes, Carlos",666126,"Athletics",2025,"LF","19","289","-29"
"Cortes, Carlos",666126,"Athletics",2025,"RF","40","299","29"
"Rooker, Brent",667670,"Athletics",2025,"RF","97","302","28"
"Rooker, Brent",667670,"Athletics",2025,"LF","14","294","-29"
"Bleday, JJ",668709,"Athletics",2025,"LF","58","296","-29"
"Bleday, JJ",668709,"Athletics",2025,"CF","146","319","-2"
"Bleday, JJ",668709,"Athletics",2025,"RF","99","296","27"
"Davidson, Logan",669722,"Athletics",2025,"3B","19","116","-26"
"Butler, Lawrence",671732,"Athletics",2025,"RF","293","296","28"
"Butler, Lawrence",671732,"Athletics",2025,"CF","187","322","0"
"Clarke, Denzel",672016,"Athletics",2025,"CF","175","319","-1"
"Schuemann, Max",680474,"Athletics",2025,"2B","84","149","18"
"Schuemann, Max",680474,"Athletics",2025,"LF","16","292","-28"
"Schuemann, Max",680474,"Athletics",2025,"3B","85","126","-28"
"Schuemann, Max",680474,"Athletics",2025,"SS","43","153","-7"
"Gelof, Zack",680869,"Athletics",2025,"2B","146","149","18"
"Avans, Drew",682183,"Athletics",2025,"LF","11","286","-28"
"Hernaiz, Darell",687231,"Athletics",2025,"SS","113","151","-7"
"Hernaiz, Darell",687231,"Athletics",2025,"3B","78","121","-25"
"Hernaiz, Darell",687231,"Athletics",2025,"2B","32","147","20"
"Thomas, Colby",687515,"Athletics",2025,"CF","57","319","0"
"Thomas, Colby",687515,"Athletics",2025,"RF","49","295","28"
"Thomas, Colby",687515,"Athletics",2025,"LF","28","291","-28"
"Soderstrom, Tyler",691016,"Athletics",2025,"1B","160","124","38"
"Soderstrom, Tyler",691016,"Athletics",2025,"LF","352","293","-29"
"Muncy, Max",691777,"Athletics",2025,"SS","25","151","-6"
"Muncy, Max",691777,"Athletics",2025,"3B","128","128","-26"
"Muncy, Max",691777,"Athletics",2025,"2B","50","148","17"
"Harris, Brett",695391,"Athletics",2025,"1B","12","120","37"
"Harris, Brett",695391,"Athletics",2025,"3B","89","117","-26"
"Kurtz, Nick",701762,"Athletics",2025,"1B","402","124","38"
"Wilson, Jacob",805779,"Athletics",2025,"SS","408","151","-5"
"Profar, Jurickson",595777,"Braves",2025,"LF","147","292","-28"
"Arcia, Orlando",606115,"Braves",2025,"SS","25","152","-10"
"Olson, Matt",621566,"Braves",2025,"1B","353","129","38"
"White, Eli",642201,"Braves",2025,"CF","15","319","-3"
"White, Eli",642201,"Braves",2025,"LF","63","293","-27"
"White, Eli",642201,"Braves",2025,"RF","74","299","25"
"Albies, Ozzie",645277,"Braves",2025,"2B","352","148","18"
"De La Cruz, Bryan",650559,"Braves",2025,"LF","12","286","-28"
"Fairchild, Stuart",656413,"Braves",2025,"RF","15","301","25"
"Fairchild, Stuart",656413,"Braves",2025,"LF","11","290","-28"
"Verdugo, Alex",657077,"Braves",2025,"LF","120","287","-28"
"Acuña Jr., Ronald",660670,"Braves",2025,"RF","211","300","25"
"Riley, Austin",663586,"Braves",2025,"3B","273","120","-26"
"Williams, Luke",663897,"Braves",2025,"3B","10","109","-28"
"Williams, Luke",663897,"Braves",2025,"SS","21","151","-9"
"Allen, Nick",669397,"Braves",2025,"SS","289","153","-9"
"Harris II, Michael",671739,"Braves",2025,"CF","336","319","-1"
"Kelenic, Jarred",672284,"Braves",2025,"RF","42","297","25"
"Kim, Ha-Seong",673490,"Braves",2025,"SS","14","153","-7"
"Alvarez Jr., Nacho",805373,"Braves",2025,"3B","57","104","-28"
"Vargas, Ildemaro",545121,"D-backs",2025,"2B","46","147","18"
"Vargas, Ildemaro",545121,"D-backs",2025,"1B","59","123","39"
"Vargas, Ildemaro",545121,"D-backs",2025,"3B","17","116","-28"
"Grichuk, Randal",545341,"D-backs",2025,"RF","33","297","25"
"Suárez, Eugenio",553993,"D-backs",2025,"3B","263","110","-27"
"Marte, Ketel",606466,"D-backs",2025,"2B","356","149","17"
"Hampson, Garrett",641658,"D-backs",2025,"2B","28","150","15"
"Naylor, Josh",647304,"D-backs",2025,"1B","201","122","37"
"Smith, Pavin",656976,"D-backs",2025,"1B","110","125","39"
"English, Tristin",663536,"D-backs",2025,"1B","21","125","37"
"Kaiser, Connor",663731,"D-backs",2025,"2B","24","148","19"
"McCarthy, Jake",664983,"D-backs",2025,"RF","43","301","25"
"McCarthy, Jake",664983,"D-backs",2025,"LF","130","287","-29"
"McCarthy, Jake",664983,"D-backs",2025,"CF","29","320","-2"
"Gurriel Jr., Lourdes",666971,"D-backs",2025,"LF","357","287","-30"
"Perdomo, Geraldo",672695,"D-backs",2025,"SS","543","152","-7"
"Alexander, Blaze",677942,"D-backs",2025,"3B","223","119","-27"
"Alexander, Blaze",677942,"D-backs",2025,"2B","24","147","18"
"Thomas, Alek",677950,"D-backs",2025,"CF","438","314","-3"
"Barrosa, Jorge",678489,"D-backs",2025,"LF","32","291","-28"
"Barrosa, Jorge",678489,"D-backs",2025,"RF","22","287","25"
"Barrosa, Jorge",678489,"D-backs",2025,"CF","32","317","-3"
"Locklear, Tyler",682988,"D-backs",2025,"1B","116","123","38"
"Carroll, Corbin",682998,"D-backs",2025,"RF","453","296","25"
"Lawlar, Jordan",691783,"D-backs",2025,"3B","29","125","-26"
"Tawa, Tim",694374,"D-backs",2025,"3B","17","125","-28"
"Tawa, Tim",694374,"D-backs",2025,"CF","40","321","-1"
"Tawa, Tim",694374,"D-backs",2025,"LF","23","296","-29"
"Tawa, Tim",694374,"D-backs",2025,"1B","45","125","39"
"Tawa, Tim",694374,"D-backs",2025,"2B","65","150","17"
"Urías, Ramón",602104,"Orioles",2025,"3B","296","114","-27"
"Machín, Vimael",605353,"Orioles",2025,"3B","10","114","-27"
"Mateo, Jorge",622761,"Orioles",2025,"CF","64","324","-3"
"Mateo, Jorge",622761,"Orioles",2025,"2B","36","148","19"
"Mateo, Jorge",622761,"Orioles",2025,"SS","31","152","-8"
"O'Neill, Tyler",641933,"Orioles",2025,"RF","220","303","26"
"O'Neill, Tyler",641933,"Orioles",2025,"LF","23","298","-28"
"Allen, Greg",656185,"Orioles",2025,"CF","31","324","-4"
"Mullins, Cedric",656775,"Orioles",2025,"CF","481","321","-2"
"O'Hearn, Ryan",656811,"Orioles",2025,"1B","257","122","38"
"O'Hearn, Ryan",656811,"Orioles",2025,"RF","75","300","26"
"Rivera, Emmanuel",656896,"Orioles",2025,"1B","27","123","38"
"Rivera, Emmanuel",656896,"Orioles",2025,"3B","128","116","-27"
"Laureano, Ramón",657656,"Orioles",2025,"RF","198","308","26"
"Laureano, Ramón",657656,"Orioles",2025,"LF","156","295","-30"
"Mountcastle, Ryan",663624,"Orioles",2025,"1B","217","125","38"
"Carlson, Dylan",666185,"Orioles",2025,"CF","35","327","-4"
"Carlson, Dylan",666185,"Orioles",2025,"LF","245","292","-29"
"Carlson, Dylan",666185,"Orioles",2025,"RF","50","303","25"
"Jackson, Jeremiah",669236,"Orioles",2025,"RF","159","303","25"
"Jackson, Jeremiah",669236,"Orioles",2025,"3B","86","129","-27"
"Johnson, Daniel",669288,"Orioles",2025,"LF","11","289","-29"
"Johnson, Daniel",669288,"Orioles",2025,"CF","22","323","-2"
"Westburg, Jordan",676059,"Orioles",2025,"3B","373","122","-29"
"Westburg, Jordan",676059,"Orioles",2025,"2B","83","148","19"
"Noda, Ryan",676116,"Orioles",2025,"RF","16","306","26"
"Vázquez, Luis",676679,"Orioles",2025,"SS","21","151","-8"
"Vázquez, Luis",676679,"Orioles",2025,"3B","15","120","-26"
"Vázquez, Luis",676679,"Orioles",2025,"2B","19","148","18"
"Kjerstad, Heston",677008,"Orioles",2025,"RF","94","304","26"
"Kjerstad, Heston",677008,"Orioles",2025,"LF","125","297","-29"
"Adams, Jordyn",677941,"Orioles",2025,"CF","13","325","-2"
"Cowser, Colton",681297,"Orioles",2025,"LF","205","288","-30"
"Cowser, Colton",681297,"Orioles",2025,"CF","267","321","-2"
"Henderson, Gunnar",683002,"Orioles",2025,"SS","834","151","-6"
"Beavers, Dylan",687637,"Orioles",2025,"RF","88","303","26"
"Beavers, Dylan",687637,"Orioles",2025,"LF","131","288","-29"
"Mayo, Coby",691723,"Orioles",2025,"1B","384","125","38"
"Basallo, Samuel",694212,"Orioles",2025,"1B","22","117","38"
"Holliday, Jackson",702616,"Orioles",2025,"2B","769","148","19"
"Holliday, Jackson",702616,"Orioles",2025,"SS","28","152","-6"
"Story, Trevor",596115,"Red Sox",2025,"SS","255","152","-5"
"Bregman, Alex",608324,"Red Sox",2025,"3B","201","104","-28"
"Refsnyder, Rob",608701,"Red Sox",2025,"LF","10","292","-28"
"Refsnyder, Rob",608701,"Red Sox",2025,"RF","41","298","29"
"Toro, Abraham",647351,"Red Sox",2025,"1B","69","118","37"
"Gonzalez, Romy",663853,"Red Sox",2025,"1B","72","120","37"
"Gonzalez, Romy",663853,"Red Sox",2025,"2B","69","149","19"
"Lowe, Nathaniel",663993,"Red Sox",2025,"1B","55","123","38"
"Hamilton, David",666152,"Red Sox",2025,"2B","61","148","19"
"Hamilton, David",666152,"Red Sox",2025,"SS","13","153","-6"
"Casas, Triston",671213,"Red Sox",2025,"1B","45","123","34"
"Abreu, Wilyer",677800,"Red Sox",2025,"RF","149","297","29"
"Rafaela, Ceddanne",678882,"Red Sox",2025,"CF","225","319","-1"
"Rafaela, Ceddanne",678882,"Red Sox",2025,"2B","27","148","20"
"Duran, Jarren",680776,"Red Sox",2025,"CF","33","319","-1"
"Duran, Jarren",680776,"Red Sox",2025,"LF","218","287","-29"
"Eaton, Nate",681987,"Red Sox",2025,"RF","24","298","29"
"Eaton, Nate",681987,"Red Sox",2025,"3B","22","121","-26"
"Sogard, Nick",686765,"Red Sox",2025,"2B","15","149","20"
"Sogard, Nick",686765,"Red Sox",2025,"1B","28","120","35"
"Mayer, Marcelo",691785,"Red Sox",2025,"2B","18","148","17"
"Mayer, Marcelo",691785,"Red Sox",2025,"3B","30","96","-27"
"Campbell, Kristian",692225,"Red Sox",2025,"CF","10","306","-2"
"Campbell, Kristian",692225,"Red Sox",2025,"2B","79","148","15"
"Anthony, Roman",701350,"Red Sox",2025,"RF","47","293","30"
"Anthony, Roman",701350,"Red Sox",2025,"LF","25","288","-30"
"Turner, Justin",457759,"Cubs",2025,"1B","85","120","37"
"Turner, Justin",457759,"Cubs",2025,"3B","18","114","-26"
"Santana, Carlos",467793,"Cubs",2025,"1B","14","120","37"
"Berti, Jon",542932,"Cubs",2025,"3B","104","113","-26"
"Berti, Jon",542932,"Cubs",2025,"2B","18","147","18"
"Swanson, Dansby",621020,"Cubs",2025,"SS","522","154","-6"
"Castro, Willi",650489,"Cubs",2025,"RF","41","302","25"
"Castro, Willi",650489,"Cubs",2025,"2B","19","148","18"
"Castro, Willi",650489,"Cubs",2025,"3B","12","115","-26"
"Bruján, Vidal",660644,"Cubs",2025,"3B","20","116","-26"
"Hoerner, Nico",663538,"Cubs",2025,"2B","501","149","18"
"Hoerner, Nico",663538,"Cubs",2025,"SS","20","153","-8"
"Tucker, Kyle",663656,"Cubs",2025,"RF","374","302","25"
"Happ, Ian",664023,"Cubs",2025,"LF","483","289","-29"
"Lopez, Nicky",670032,"Cubs",2025,"3B","11","110","-27"
"Suzuki, Seiya",673548,"Cubs",2025,"LF","47","291","-30"
"Suzuki, Seiya",673548,"Cubs",2025,"RF","116","301","26"
"Alcántara, Kevin",682634,"Cubs",2025,"CF","15","330","-4"
"Caissie, Owen",683357,"Cubs",2025,"RF","12","307","25"
"Busch, Michael",683737,"Cubs",2025,"1B","444","125","37"
"Crow-Armstrong, Pete",691718,"Cubs",2025,"CF","520","318","-3"
"Shaw, Matt",807713,"Cubs",2025,"3B","371","112","-27"
"Candelario, Jeimer",600869,"Reds",2025,"3B","73","116","-27"
"Candelario, Jeimer",600869,"Reds",2025,"1B","18","131","37"
"Fraley, Jake",641584,"Reds",2025,"RF","146","298","25"
"Fraley, Jake",641584,"Reds",2025,"LF","10","290","-31"
"Joe, Connor",656582,"Reds",2025,"LF","11","291","-30"
"Hayes, Ke'Bryan",663647,"Reds",2025,"3B","198","119","-27"
"Lux, Gavin",666158,"Reds",2025,"2B","43","150","17"
"Lux, Gavin",666158,"Reds",2025,"LF","149","290","-30"
"Benson, Will",666181,"Reds",2025,"CF","19","321","-3"
"Benson, Will",666181,"Reds",2025,"RF","67","300","25"
"Benson, Will",666181,"Reds",2025,"LF","81","285","-29"
"Steer, Spencer",668715,"Reds",2025,"LF","18","288","-31"
"Steer, Spencer",668715,"Reds",2025,"1B","300","126","38"
"Espinal, Santiago",669289,"Reds",2025,"RF","16","300","25"
"Espinal, Santiago",669289,"Reds",2025,"LF","15","282","-30"
"Espinal, Santiago",669289,"Reds",2025,"2B","65","150","16"
"Espinal, Santiago",669289,"Reds",2025,"3B","94","116","-27"
"Espinal, Santiago",669289,"Reds",2025,"1B","10","113","35"
"Hays, Austin",669720,"Reds",2025,"LF","178","285","-31"
"Friedl, TJ",670770,"Reds",2025,"CF","454","323","-4"
"Hurtubise, Jacob",674441,"Reds",2025,"LF","10","290","-30"
"Hinds, Rece",677956,"Reds",2025,"RF","25","299","25"
"McLain, Matt",680574,"Reds",2025,"2B","389","149","18"
"Marte, Noelvi",682622,"Reds",2025,"3B","68","110","-28"
"Marte, Noelvi",682622,"Reds",2025,"RF","198","304","24"
"De La Cruz, Elly",682829,"Reds",2025,"SS","488","153","-5"
"Encarnacion-Strand, Christian",687952,"Reds",2025,"3B","30","116","-27"
"Encarnacion-Strand, Christian",687952,"Reds",2025,"1B","104","129","37"
"Dunn, Blake",694362,"Reds",2025,"RF","38","302","24"
"Dunn, Blake",694362,"Reds",2025,"CF","21","322","-4"
"Dunn, Blake",694362,"Reds",2025,"LF","11","287","-31"
"Stewart, Sal",701398,"Reds",2025,"3B","23","126","-27"
"Stewart, Sal",701398,"Reds",2025,"1B","48","125","37"
"Santana, Carlos",467793,"Guardians",2025,"1B","343","120","37"
"Ramírez, José",608070,"Guardians",2025,"3B","463","123","-26"
"Thomas, Lane",657041,"Guardians",2025,"CF","135","319","1"
"Jones, Nolan",666134,"Guardians",2025,"LF","30","298","-27"
"Jones, Nolan",666134,"Guardians",2025,"RF","262","301","27"
"Jones, Nolan",666134,"Guardians",2025,"CF","77","321","1"
"Wilson, Will",669717,"Guardians",2025,"3B","42","113","-28"
"Wilson, Will",669717,"Guardians",2025,"2B","34","149","20"
"Rodríguez, Johnathan",671286,"Guardians",2025,"RF","65","306","27"
"Arias, Gabriel",672356,"Guardians",2025,"3B","18","130","-25"
"Arias, Gabriel",672356,"Guardians",2025,"SS","284","153","-6"
"Arias, Gabriel",672356,"Guardians",2025,"2B","88","147","21"
"Rocchio, Brayan",677587,"Guardians",2025,"2B","128","148","19"
"Rocchio, Brayan",677587,"Guardians",2025,"SS","262","153","-7"
"Noel, Jhonkensy",678877,"Guardians",2025,"1B","13","122","37"
"Noel, Jhonkensy",678877,"Guardians",2025,"RF","101","306","28"
"Kwan, Steven",680757,"Guardians",2025,"LF","524","293","-27"
"Schneemann, Daniel",682177,"Guardians",2025,"CF","40","330","-2"
"Schneemann, Daniel",682177,"Guardians",2025,"3B","47","119","-28"
"Schneemann, Daniel",682177,"Guardians",2025,"SS","24","154","-7"
"Schneemann, Daniel",682177,"Guardians",2025,"RF","21","307","27"
"Schneemann, Daniel",682177,"Guardians",2025,"2B","234","149","20"
"Schneemann, Daniel",682177,"Guardians",2025,"LF","14","300","-26"
"Martínez, Angel",682657,"Guardians",2025,"CF","317","320","0"
"Martínez, Angel",682657,"Guardians",2025,"2B","86","149","19"
"Martínez, Angel",682657,"Guardians",2025,"RF","10","297","28"
"Brennan, Will",686823,"Guardians",2025,"RF","16","300","25"
"Kayfus, C.J.",692216,"Guardians",2025,"RF","85","302","28"
"Kayfus, C.J.",692216,"Guardians",2025,"1B","40","120","37"
"Manzardo, Kyle",700932,"Guardians",2025,"1B","174","124","38"
"Farmer, Kyle",571657,"Rockies",2025,"3B","57","128","-28"
"Farmer, Kyle",571657,"Rockies",2025,"SS","72","152","-8"
"Farmer, Kyle",571657,"Rockies",2025,"1B","101","125","39"
"Farmer, Kyle",571657,"Rockies",2025,"2B","199","148","19"
"Martini, Nick",605361,"Rockies",2025,"RF","80","298","26"
"Martini, Nick",605361,"Rockies",2025,"LF","11","294","-31"
"Arcia, Orlando",606115,"Rockies",2025,"1B","48","124","39"
"Arcia, Orlando",606115,"Rockies",2025,"2B","84","148","20"
"Arcia, Orlando",606115,"Rockies",2025,"SS","60","153","-7"
"Arcia, Orlando",606115,"Rockies",2025,"3B","111","117","-27"
"McMahon, Ryan",641857,"Rockies",2025,"3B","592","116","-27"
"Estrada, Thairo",642731,"Rockies",2025,"2B","226","149","19"
"Bouchard, Sean",656248,"Rockies",2025,"RF","82","300","25"
"Bouchard, Sean",656248,"Rockies",2025,"LF","22","290","-28"
"Hilliard, Sam",656541,"Rockies",2025,"RF","23","307","26"
"Hilliard, Sam",656541,"Rockies",2025,"LF","61","292","-29"
"Hilliard, Sam",656541,"Rockies",2025,"CF","44","323","-4"
"Moniak, Mickey",666160,"Rockies",2025,"LF","72","298","-29"
"Moniak, Mickey",666160,"Rockies",2025,"CF","220","324","-2"
"Moniak, Mickey",666160,"Rockies",2025,"RF","358","303","26"
"Schunk, Aaron",668845,"Rockies",2025,"SS","62","151","-10"
"Schunk, Aaron",668845,"Rockies",2025,"3B","14","125","-28"
"Schunk, Aaron",668845,"Rockies",2025,"2B","22","148","19"
"Hiura, Keston",669374,"Rockies",2025,"1B","32","121","38"
"Toglia, Michael",669911,"Rockies",2025,"1B","545","124","38"
"Freeman, Tyler",671289,"Rockies",2025,"2B","95","148","18"
"Freeman, Tyler",671289,"Rockies",2025,"RF","316","298","25"
"Trejo, Alan",676701,"Rockies",2025,"SS","87","154","-7"
"Tovar, Ezequiel",678662,"Rockies",2025,"SS","526","151","-7"
"Miller, Owen",680911,"Rockies",2025,"2B","29","149","18"
"Bernabel, Warming",682653,"Rockies",2025,"1B","199","128","39"
"Doyle, Brenton",686668,"Rockies",2025,"CF","736","323","-3"
"Beck, Jordan",687597,"Rockies",2025,"LF","790","291","-29"
"Crim, Blaine",688760,"Rockies",2025,"1B","67","124","38"
"Ritter, Ryan",690022,"Rockies",2025,"SS","195","148","-9"
"Ritter, Ryan",690022,"Rockies",2025,"2B","137","149","18"
"Amador, Adael",691182,"Rockies",2025,"2B","210","150","18"
"Karros, Kyle",691720,"Rockies",2025,"3B","220","117","-26"
"Veen, Zac",691728,"Rockies",2025,"RF","51","303","23"
"Veen, Zac",691728,"Rockies",2025,"LF","38","293","-26"
"Fernández, Yanquiel",692585,"Rockies",2025,"RF","92","300","26"
"Taylor, Michael A.",572191,"White Sox",2025,"CF","170","318","-1"
"Taylor, Michael A.",572191,"White Sox",2025,"LF","128","293","-27"
"Taylor, Michael A.",572191,"White Sox",2025,"RF","140","296","27"
"Slater, Austin",596103,"White Sox",2025,"LF","44","297","-27"
"Slater, Austin",596103,"White Sox",2025,"RF","73","302","26"
"Jankowski, Travis",608671,"White Sox",2025,"CF","13","324","-2"
"Jankowski, Travis",608671,"White Sox",2025,"RF","21","300","26"
"Palacios, Joshua",641943,"White Sox",2025,"LF","27","294","-27"
"Palacios, Joshua",641943,"White Sox",2025,"RF","127","303","27"
"Benintendi, Andrew",643217,"White Sox",2025,"LF","268","293","-28"
"Tauchman, Mike",643565,"White Sox",2025,"RF","268","299","26"
"Hill, Derek",656537,"White Sox",2025,"CF","15","321","-2"
"Maton, Nick",665155,"White Sox",2025,"1B","15","119","39"
"Fletcher, Dominic",666150,"White Sox",2025,"CF","22","317","-2"
"Fletcher, Dominic",666150,"White Sox",2025,"RF","48","294","25"
"Julks, Corey",667452,"White Sox",2025,"LF","17","292","-28"
"Rojas, Josh",668942,"White Sox",2025,"3B","56","108","-27"
"Rojas, Josh",668942,"White Sox",2025,"2B","94","149","18"
"Rojas, Josh",668942,"White Sox",2025,"LF","18","297","-27"
"Elko, Tim",671284,"White Sox",2025,"1B","93","124","38"
"Sosa, Lenyn",672820,"White Sox",2025,"1B","178","117","39"
"Sosa, Lenyn",672820,"White Sox",2025,"3B","20","122","-26"
"Sosa, Lenyn",672820,"White Sox",2025,"2B","386","150","19"
"Robert Jr., Luis",673357,"White Sox",2025,"CF","472","315","-1"
"Amaya, Jacob",676070,"White Sox",2025,"SS","147","154","-5"
"Noda, Ryan",676116,"White Sox",2025,"1B","37","119","38"
"Vargas, Miguel",678246,"White Sox",2025,"3B","471","119","-26"
"Vargas, Miguel",678246,"White Sox",2025,"1B","140","121","37"
"Mead, Curtis",678554,"White Sox",2025,"3B","52","99","-26"
"Mead, Curtis",678554,"White Sox",2025,"1B","102","126","40"
"Baldwin, Brooks",681460,"White Sox",2025,"2B","34","149","19"
"Baldwin, Brooks",681460,"White Sox",2025,"LF","166","300","-28"
"Baldwin, Brooks",681460,"White Sox",2025,"CF","68","324","0"
"Baldwin, Brooks",681460,"White Sox",2025,"3B","74","116","-26"
"Baldwin, Brooks",681460,"White Sox",2025,"SS","36","153","-6"
"Baldwin, Brooks",681460,"White Sox",2025,"RF","54","303","27"
"Capra, Vinny",681962,"White Sox",2025,"SS","19","154","-6"
"Capra, Vinny",681962,"White Sox",2025,"3B","17","123","-26"
"Ramos, Bryan",682868,"White Sox",2025,"3B","31","115","-28"
"Vaughn, Andrew",683734,"White Sox",2025,"1B","188","125","38"
"Robertson, Will",683770,"White Sox",2025,"LF","86","295","-28"
"Robertson, Will",683770,"White Sox",2025,"RF","28","301","27"
"Montgomery, Colson",695657,"White Sox",2025,"SS","274","150","-5"
"Montgomery, Colson",695657,"White Sox",2025,"3B","34","102","-26"
"Meidroth, Chase",805367,"White Sox",2025,"SS","277","153","-7"
"Meidroth, Chase",805367,"White Sox",2025,"2B","235","148","20"
"Báez, Javier",595879,"Tigers",2025,"2B","23","147","20"
"Báez, Javier",595879,"Tigers",2025,"SS","157","153","-5"
"Báez, Javier",595879,"Tigers",2025,"CF","170","322","-4"
"Báez, Javier",595879,"Tigers",2025,"3B","50","98","-26"
"Margot, Manuel",622534,"Tigers",2025,"RF","21","306","22"
"Ibáñez, Andy",628451,"Tigers",2025,"2B","24","147","19"
"Ibáñez, Andy",628451,"Tigers",2025,"3B","159","114","-27"
"Torres, Gleyber",650402,"Tigers",2025,"2B","426","149","19"
"McKinstry, Zach",656716,"Tigers",2025,"2B","12","147","21"
"McKinstry, Zach",656716,"Tigers",2025,"3B","237","110","-28"
"McKinstry, Zach",656716,"Tigers",2025,"RF","88","306","23"
"McKinstry, Zach",656716,"Tigers",2025,"LF","62","285","-29"
"McKinstry, Zach",656716,"Tigers",2025,"SS","55","152","-6"
"Jones, Jahmai",663330,"Tigers",2025,"LF","12","288","-29"
"Jones, Jahmai",663330,"Tigers",2025,"RF","11","313","22"
"Vierling, Matt",663837,"Tigers",2025,"LF","13","282","-30"
"Vierling, Matt",663837,"Tigers",2025,"CF","63","322","-5"
"Baddoo, Akil",668731,"Tigers",2025,"LF","23","283","-29"
"Kreidler, Ryan",668952,"Tigers",2025,"CF","54","323","-4"
"Malloy, Justyn-Henry",669234,"Tigers",2025,"RF","49","307","24"
"Pérez, Wenceel",672761,"Tigers",2025,"CF","63","323","-4"
"Pérez, Wenceel",672761,"Tigers",2025,"RF","219","306","22"
"Meadows, Parker",678009,"Tigers",2025,"CF","178","324","-5"
"Torkelson, Spencer",679529,"Tigers",2025,"1B","510","125","36"
"Carpenter, Kerry",681481,"Tigers",2025,"LF","60","284","-29"
"Carpenter, Kerry",681481,"Tigers",2025,"RF","178","302","23"
"Greene, Riley",682985,"Tigers",2025,"LF","402","283","-29"
"Greene, Riley",682985,"Tigers",2025,"CF","44","319","-4"
"Jung, Jace",690291,"Tigers",2025,"3B","85","119","-27"
"Keith, Colt",690993,"Tigers",2025,"1B","60","120","39"
"Keith, Colt",690993,"Tigers",2025,"3B","48","101","-29"
"Keith, Colt",690993,"Tigers",2025,"2B","94","147","19"
"Sweeney, Trey",700242,"Tigers",2025,"SS","366","153","-5"
"Altuve, Jose",514888,"Astros",2025,"2B","145","148","20"
"Altuve, Jose",514888,"Astros",2025,"LF","97","291","-28"
"Walker, Christian",572233,"Astros",2025,"1B","350","121","37"
"Urías, Ramón",602104,"Astros",2025,"3B","25","109","-27"
"Urías, Ramón",602104,"Astros",2025,"2B","50","148","20"
"Caratini, Victor",605170,"Astros",2025,"1B","26","116","37"
"Correa, Carlos",621043,"Astros",2025,"3B","108","104","-27"
"Correa, Carlos",621043,"Astros",2025,"SS","14","153","-5"
"Dubón, Mauricio",643289,"Astros",2025,"3B","53","111","-28"
"Dubón, Mauricio",643289,"Astros",2025,"2B","69","148","19"
"Dubón, Mauricio",643289,"Astros",2025,"CF","21","321","-1"
"Dubón, Mauricio",643289,"Astros",2025,"RF","11","299","24"
"Dubón, Mauricio",643289,"Astros",2025,"SS","55","151","-6"
"Dubón, Mauricio",643289,"Astros",2025,"LF","40","293","-29"
"Sánchez, Jesús",660821,"Astros",2025,"RF","46","306","26"
"Sánchez, Jesús",660821,"Astros",2025,"LF","48","290","-28"
"Rodgers, Brendan",663898,"Astros",2025,"2B","70","149","18"
"Peña, Jeremy",665161,"Astros",2025,"SS","252","153","-5"
"Trammell, Taylor",666211,"Astros",2025,"CF","56","326","-2"
"Trammell, Taylor",666211,"Astros",2025,"LF","35","293","-28"
"Hummel, Cooper",669450,"Astros",2025,"LF","58","298","-28"
"Short, Zack",670097,"Astros",2025,"SS","57","154","-4"
"Alvarez, Yordan",670541,"Astros",2025,"LF","40","292","-29"
"Paredes, Isaac",670623,"Astros",2025,"3B","174","96","-28"
"Meyers, Jake",676694,"Astros",2025,"CF","207","320","-4"
"McCormick, Chas",676801,"Astros",2025,"LF","11","297","-28"
"McCormick, Chas",676801,"Astros",2025,"CF","54","323","-4"
"Melton, Jacob",689200,"Astros",2025,"CF","28","324","-3"
"Whitcomb, Shay",694376,"Astros",2025,"3B","11","110","-28"
"Matthews, Brice",694728,"Astros",2025,"2B","37","148","19"
"Dezenzo, Zach",701305,"Astros",2025,"LF","25","292","-28"
"Dezenzo, Zach",701305,"Astros",2025,"RF","16","310","26"
"Smith, Cam",701358,"Astros",2025,"RF","282","303","26"
"Cole, Zach",805904,"Astros",2025,"LF","15","289","-29"
"Cole, Zach",805904,"Astros",2025,"RF","13","303","26"
"Perez, Salvador",521692,"Royals",2025,"1B","112","122","39"
"Grichuk, Randal",545341,"Royals",2025,"LF","35","281","-30"
"Grichuk, Randal",545341,"Royals",2025,"RF","53","295","26"
"Yastrzemski, Mike",573262,"Royals",2025,"LF","16","278","-30"
"Yastrzemski, Mike",573262,"Royals",2025,"RF","128","296","26"
"Canha, Mark",592192,"Royals",2025,"RF","23","298","27"
"Canha, Mark",592192,"Royals",2025,"1B","10","119","36"
"Canha, Mark",592192,"Royals",2025,"LF","50","284","-32"
"Renfroe, Hunter",592669,"Royals",2025,"RF","109","297","25"
"Biggio, Cavan",624415,"Royals",2025,"1B","26","122","38"
"Biggio, Cavan",624415,"Royals",2025,"LF","14","289","-31"
"Biggio, Cavan",624415,"Royals",2025,"RF","17","296","25"
"Frazier, Adam",624428,"Royals",2025,"LF","33","282","-30"
"Frazier, Adam",624428,"Royals",2025,"3B","15","114","-26"
"Frazier, Adam",624428,"Royals",2025,"2B","98","147","20"
"India, Jonathan",663697,"Royals",2025,"LF","72","283","-30"
"India, Jonathan",663697,"Royals",2025,"2B","333","147","20"
"India, Jonathan",663697,"Royals",2025,"3B","79","127","-27"
"Isbel, Kyle",664728,"Royals",2025,"CF","555","319","-4"
"Melendez, MJ",669004,"Royals",2025,"LF","55","275","-30"
"Melendez, MJ",669004,"Royals",2025,"RF","12","287","25"
"Rave, John",670231,"Royals",2025,"RF","89","297","26"
"Rave, John",670231,"Royals",2025,"LF","132","290","-30"
"Rave, John",670231,"Royals",2025,"CF","29","327","-4"
"Waters, Drew",671221,"Royals",2025,"LF","146","281","-30"
"Waters, Drew",671221,"Royals",2025,"CF","82","316","-4"
"Waters, Drew",671221,"Royals",2025,"RF","67","290","26"
"Garcia, Maikel",672580,"Royals",2025,"CF","13","309","-4"
"Garcia, Maikel",672580,"Royals",2025,"3B","591","123","-27"
"Garcia, Maikel",672580,"Royals",2025,"SS","48","154","-6"
"Garcia, Maikel",672580,"Royals",2025,"2B","33","149","19"
"Witt Jr., Bobby",677951,"Royals",2025,"SS","690","153","-4"
"Loftin, Nick",679845,"Royals",2025,"1B","13","126","38"
"Loftin, Nick",679845,"Royals",2025,"3B","47","127","-26"
"Loftin, Nick",679845,"Royals",2025,"LF","131","281","-30"
"Loftin, Nick",679845,"Royals",2025,"2B","67","147","20"
"Pasquantino, Vinnie",686469,"Royals",2025,"1B","565","127","38"
"Tolbert, Tyler",686475,"Royals",2025,"LF","17","287","-30"
"Tolbert, Tyler",686475,"Royals",2025,"CF","49","317","-4"
"Massey, Michael",686681,"Royals",2025,"LF","36","295","-32"
"Massey, Michael",686681,"Royals",2025,"2B","198","150","18"
"Caglianone, Jac",695506,"Royals",2025,"1B","14","125","39"
"Caglianone, Jac",695506,"Royals",2025,"RF","223","294","26"
"Trout, Mike",545361,"Angels",2025,"RF","21","301","25"
"Newman, Kevin",621028,"Angels",2025,"SS","27","153","-7"
"Newman, Kevin",621028,"Angels",2025,"3B","29","118","-27"
"Taylor, Chris",621035,"Angels",2025,"2B","13","149","18"
"Taylor, Chris",621035,"Angels",2025,"RF","21","298","24"
"Taylor, Chris",621035,"Angels",2025,"LF","15","296","-28"
"Ward, Taylor",621493,"Angels",2025,"LF","250","295","-28"
"Soler, Jorge",624585,"Angels",2025,"RF","63","303","25"
"Anderson, Tim",641313,"Angels",2025,"2B","19","149","19"
"Anderson, Tim",641313,"Angels",2025,"SS","15","154","-8"
"Rengifo, Luis",650859,"Angels",2025,"2B","98","146","19"
"Rengifo, Luis",650859,"Angels",2025,"3B","100","116","-27"
"Moncada, Yoán",660162,"Angels",2025,"3B","119","113","-27"
"Kingery, Scott",664068,"Angels",2025,"2B","15","149","17"
"Wade Jr., LaMonte",664774,"Angels",2025,"RF","26","298","24"
"Adell, Jo",666176,"Angels",2025,"CF","134","324","-4"
"Adell, Jo",666176,"Angels",2025,"RF","116","300","24"
"Teodosio, Bryce",669326,"Angels",2025,"CF","95","323","-3"
"Davidson, Logan",669722,"Angels",2025,"1B","18","121","39"
"Campero, Gustavo",672569,"Angels",2025,"RF","19","298","23"
"Peraza, Oswald",672724,"Angels",2025,"3B","27","117","-27"
"Peraza, Oswald",672724,"Angels",2025,"1B","25","119","40"
"Stevens, Chad",677060,"Angels",2025,"2B","10","148","18"
"Paris, Kyren",677347,"Angels",2025,"CF","24","320","-3"
"Paris, Kyren",677347,"Angels",2025,"2B","22","148","18"
"Lugo, Matthew",683090,"Angels",2025,"CF","14","322","-3"
"Neto, Zach",687263,"Angels",2025,"SS","178","153","-6"
"Guzman, Denzer",694203,"Angels",2025,"SS","44","153","-4"
"Schanuel, Nolan",694384,"Angels",2025,"1B","207","118","38"
"Moore, Christian",695681,"Angels",2025,"2B","96","148","19"
"Rojas, Miguel",500743,"Dodgers",2025,"3B","62","115","-26"
"Rojas, Miguel",500743,"Dodgers",2025,"SS","39","153","-4"
"Rojas, Miguel",500743,"Dodgers",2025,"2B","181","148","19"
"Freeman, Freddie",518692,"Dodgers",2025,"1B","586","121","37"
"Hernández, Enrique",571771,"Dodgers",2025,"1B","74","123","37"
"Hernández, Enrique",571771,"Dodgers",2025,"LF","42","281","-30"
"Hernández, Enrique",571771,"Dodgers",2025,"3B","29","116","-26"
"Hernández, Enrique",571771,"Dodgers",2025,"2B","36","148","20"
"Muncy, Max",571970,"Dodgers",2025,"3B","422","117","-27"
"Betts, Mookie",605141,"Dodgers",2025,"SS","617","153","-5"
"Hernández, Teoscar",606192,"Dodgers",2025,"RF","533","301","25"
"Taylor, Chris",621035,"Dodgers",2025,"LF","14","289","-30"
"Conforto, Michael",624424,"Dodgers",2025,"LF","485","286","-29"
"Ruiz, Esteury",665923,"Dodgers",2025,"LF","22","287","-29"
"Edman, Tommy",669242,"Dodgers",2025,"3B","71","120","-25"
"Edman, Tommy",669242,"Dodgers",2025,"CF","50","315","-3"
"Edman, Tommy",669242,"Dodgers",2025,"2B","266","149","19"
"Call, Alex",669743,"Dodgers",2025,"LF","52","285","-29"
"Call, Alex",669743,"Dodgers",2025,"RF","25","299","25"
"Kennedy, Buddy",671083,"Dodgers",2025,"3B","31","114","-27"
"Outman, James",681546,"Dodgers",2025,"CF","59","319","-3"
"Pages, Andy",681624,"Dodgers",2025,"RF","104","299","24"
"Pages, Andy",681624,"Dodgers",2025,"CF","486","317","-3"
"Pages, Andy",681624,"Dodgers",2025,"LF","54","284","-29"
"Freeland, Alex",690976,"Dodgers",2025,"2B","43","149","19"
"Freeland, Alex",690976,"Dodgers",2025,"3B","54","123","-26"
"Kim, Hyeseong",808975,"Dodgers",2025,"SS","13","153","-4"
"Kim, Hyeseong",808975,"Dodgers",2025,"CF","48","315","-4"
"Kim, Hyeseong",808975,"Dodgers",2025,"2B","141","148","20"
"Hill, Derek",656537,"Marlins",2025,"CF","81","324","0"
"Sánchez, Jesús",660821,"Marlins",2025,"RF","170","298","27"
"Conine, Griffin",665052,"Marlins",2025,"RF","28","296","28"
"Conine, Griffin",665052,"Marlins",2025,"LF","12","291","-28"
"Myers, Dane",667472,"Marlins",2025,"RF","51","296","29"
"Myers, Dane",667472,"Marlins",2025,"CF","149","322","-1"
"Myers, Dane",667472,"Marlins",2025,"LF","11","294","-29"
"Stowers, Kyle",669065,"Marlins",2025,"LF","161","298","-29"
"Stowers, Kyle",669065,"Marlins",2025,"CF","19","325","-3"
"Stowers, Kyle",669065,"Marlins",2025,"RF","46","301","28"
"Edwards, Xavier",669364,"Marlins",2025,"2B","267","148","21"
"Edwards, Xavier",669364,"Marlins",2025,"SS","76","152","-4"
"Mervis, Matt",670223,"Marlins",2025,"1B","41","121","38"
"Lopez, Otto",672640,"Marlins",2025,"SS","333","153","-4"
"Lopez, Otto",672640,"Marlins",2025,"2B","47","147","20"
"Wagaman, Eric",676572,"Marlins",2025,"1B","284","124","38"
"Wagaman, Eric",676572,"Marlins",2025,"LF","30","293","-28"
"Bride, Jonah",681146,"Marlins",2025,"3B","14","107","-26"
"Norby, Connor",681393,"Marlins",2025,"3B","219","107","-26"
"Hernández, Heriberto",681715,"Marlins",2025,"RF","24","295","28"
"Hernández, Heriberto",681715,"Marlins",2025,"LF","79","295","-28"
"Simon, Ronny",682927,"Marlins",2025,"2B","22","146","21"
"Mesa Jr., Victor",683748,"Marlins",2025,"LF","20","306","-29"
"Mesa Jr., Victor",683748,"Marlins",2025,"CF","16","319","-3"
"Mesa Jr., Victor",683748,"Marlins",2025,"RF","20","307","29"
"Wiemer, Joey",686894,"Marlins",2025,"RF","65","303","28"
"Johnston, Troy",687859,"Marlins",2025,"1B","35","124","39"
"Johnston, Troy",687859,"Marlins",2025,"LF","26","311","-29"
"Johnston, Troy",687859,"Marlins",2025,"RF","20","307","29"
"Pauley, Graham",688363,"Marlins",2025,"3B","93","108","-27"
"Hicks, Liam",689414,"Marlins",2025,"1B","62","123","39"
"Acosta, Maximo",691185,"Marlins",2025,"3B","43","117","-26"
"Acosta, Maximo",691185,"Marlins",2025,"2B","12","148","22"
"Sanoja, Javier",691594,"Marlins",2025,"2B","70","149","19"
"Sanoja, Javier",691594,"Marlins",2025,"SS","16","150","-5"
"Sanoja, Javier",691594,"Marlins",2025,"3B","62","107","-26"
"Sanoja, Javier",691594,"Marlins",2025,"LF","53","297","-29"
"Sanoja, Javier",691594,"Marlins",2025,"CF","21","318","0"
"Marsee, Jakob",805300,"Marlins",2025,"CF","141","332","0"
"Marsee, Jakob",805300,"Marlins",2025,"LF","23","312","-29"
"Yelich, Christian",592885,"Brewers",2025,"LF","119","296","-28"
"Bauers, Jake",641343,"Brewers",2025,"1B","176","127","39"
"Bauers, Jake",641343,"Brewers",2025,"RF","15","299","26"
"Bauers, Jake",641343,"Brewers",2025,"LF","164","297","-28"
"Monasterio, Andruw",655316,"Brewers",2025,"1B","17","126","38"
"Monasterio, Andruw",655316,"Brewers",2025,"2B","76","149","19"
"Monasterio, Andruw",655316,"Brewers",2025,"3B","54","125","-27"
"Monasterio, Andruw",655316,"Brewers",2025,"SS","207","152","-7"
"Hoskins, Rhys",656555,"Brewers",2025,"1B","561","126","37"
"Perkins, Blake",663368,"Brewers",2025,"CF","344","328","0"
"Lockridge, Brandon",663604,"Brewers",2025,"CF","36","330","-1"
"Lockridge, Brandon",663604,"Brewers",2025,"LF","12","299","-29"
"Lockridge, Brandon",663604,"Brewers",2025,"RF","64","302","28"
"Cameron, Daz",663662,"Brewers",2025,"LF","17","295","-28"
"Cameron, Daz",663662,"Brewers",2025,"RF","36","290","28"
"Turang, Brice",668930,"Brewers",2025,"2B","1144","149","19"
"Mitchell, Garrett",669003,"Brewers",2025,"CF","102","331","1"
"Berroa, Steward",672642,"Brewers",2025,"CF","11","328","-1"
"Seigler, Anthony",678011,"Brewers",2025,"3B","112","125","-27"
"Capra, Vinny",681962,"Brewers",2025,"3B","37","115","-26"
"Vaughn, Andrew",683734,"Brewers",2025,"1B","478","127","37"
"Frelick, Sal",686217,"Brewers",2025,"RF","986","303","28"
"Frelick, Sal",686217,"Brewers",2025,"CF","33","327","1"
"Dunn, Oliver",686554,"Brewers",2025,"3B","49","120","-26"
"Collins, Isaac",686555,"Brewers",2025,"LF","767","304","-28"
"Collins, Isaac",686555,"Brewers",2025,"RF","53","303","28"
"Ortiz, Joey",687401,"Brewers",2025,"SS","1022","154","-5"
"Chourio, Jackson",694192,"Brewers",2025,"CF","718","331","-1"
"Chourio, Jackson",694192,"Brewers",2025,"LF","150","298","-28"
"Chourio, Jackson",694192,"Brewers",2025,"RF","88","302","27"
"Durbin, Caleb",702332,"Brewers",2025,"2B","19","148","20"
"Durbin, Caleb",702332,"Brewers",2025,"3B","990","128","-27"
"Correa, Carlos",621043,"Twins",2025,"SS","129","152","-6"
"Buxton, Byron",621439,"Twins",2025,"CF","143","322","-1"
"Castro, Willi",650489,"Twins",2025,"LF","32","293","-28"
"Castro, Willi",650489,"Twins",2025,"RF","32","299","28"
"Castro, Willi",650489,"Twins",2025,"2B","51","147","21"
"Castro, Willi",650489,"Twins",2025,"3B","12","122","-28"
"Larnach, Trevor",663616,"Twins",2025,"LF","22","293","-29"
"Larnach, Trevor",663616,"Twins",2025,"RF","60","294","28"
"France, Ty",664034,"Twins",2025,"1B","144","125","39"
"Bader, Harrison",664056,"Twins",2025,"LF","108","293","-28"
"Bader, Harrison",664056,"Twins",2025,"CF","17","323","-2"
"Clemens, Kody",665019,"Twins",2025,"1B","53","125","39"
"Clemens, Kody",665019,"Twins",2025,"2B","63","146","22"
"Julien, Edouard",666397,"Twins",2025,"2B","29","147","22"
"Martin, Austin",668885,"Twins",2025,"LF","19","289","-29"
"Lewis, Royce",668904,"Twins",2025,"3B","118","105","-27"
"Wallner, Matt",670242,"Twins",2025,"RF","76","294","28"
"Keirsey Jr., DaShawn",680577,"Twins",2025,"RF","14","295","28"
"Keirsey Jr., DaShawn",680577,"Twins",2025,"LF","11","289","-28"
"Keirsey Jr., DaShawn",680577,"Twins",2025,"CF","34","325","0"
"Bride, Jonah",681146,"Twins",2025,"3B","13","96","-27"
"Lee, Brooks",686797,"Twins",2025,"SS","74","153","-6"
"Lee, Brooks",686797,"Twins",2025,"2B","34","146","21"
"Lee, Brooks",686797,"Twins",2025,"3B","56","114","-28"
"Keaschall, Luke",807712,"Twins",2025,"2B","22","147","21"
"Marte, Starling",516782,"Mets",2025,"LF","18","290","-30"
"Lindor, Francisco",596019,"Mets",2025,"SS","587","151","-7"
"Nimmo, Brandon",607043,"Mets",2025,"LF","555","290","-29"
"Taylor, Tyrone",621438,"Mets",2025,"LF","11","291","-29"
"Taylor, Tyrone",621438,"Mets",2025,"CF","294","322","-3"
"Alonso, Pete",624413,"Mets",2025,"1B","591","123","38"
"Azocar, José",640492,"Mets",2025,"RF","10","297","25"
"Siri, Jose",642350,"Mets",2025,"CF","22","308","-2"
"McNeil, Jeff",643446,"Mets",2025,"LF","11","296","-28"
"McNeil, Jeff",643446,"Mets",2025,"CF","103","325","-3"
"McNeil, Jeff",643446,"Mets",2025,"2B","286","148","18"
"Mullins, Cedric",656775,"Mets",2025,"CF","171","319","-2"
"Soto, Juan",665742,"Mets",2025,"RF","575","299","25"
"Vientos, Mark",668901,"Mets",2025,"1B","10","116","37"
"Vientos, Mark",668901,"Mets",2025,"3B","193","109","-29"
"Mauricio, Ronny",677595,"Mets",2025,"3B","178","121","-28"
"Mauricio, Ronny",677595,"Mets",2025,"SS","10","153","-8"
"Acuña, Luisangel",682668,"Mets",2025,"2B","151","147","20"
"Baty, Brett",683146,"Mets",2025,"3B","228","111","-28"
"Baty, Brett",683146,"Mets",2025,"2B","156","149","19"
"Goldschmidt, Paul",502671,"Yankees",2025,"1B","294","126","37"
"LeMahieu, DJ",518934,"Yankees",2025,"2B","118","149","18"
"Stanton, Giancarlo",519317,"Yankees",2025,"RF","25","297","25"
"Judge, Aaron",592450,"Yankees",2025,"RF","253","291","24"
"Reyes, Pablo",622569,"Yankees",2025,"3B","12","120","-28"
"Bellinger, Cody",641355,"Yankees",2025,"RF","122","293","25"
"Bellinger, Cody",641355,"Yankees",2025,"CF","111","316","-3"
"Bellinger, Cody",641355,"Yankees",2025,"LF","153","280","-28"
"McMahon, Ryan",641857,"Yankees",2025,"3B","96","118","-27"
"Rosario, Amed",642708,"Yankees",2025,"3B","15","129","-27"
"Grisham, Trent",663757,"Yankees",2025,"CF","303","316","-4"
"Cabrera, Oswaldo",665828,"Yankees",2025,"3B","59","115","-27"
"Chisholm Jr., Jazz",665862,"Yankees",2025,"2B","234","148","18"
"Chisholm Jr., Jazz",665862,"Yankees",2025,"3B","115","121","-28"
"Peraza, Oswald",672724,"Yankees",2025,"2B","33","149","18"
"Peraza, Oswald",672724,"Yankees",2025,"3B","81","121","-27"
"Peraza, Oswald",672724,"Yankees",2025,"SS","14","152","-7"
"Caballero, José",676609,"Yankees",2025,"2B","11","149","17"
"Caballero, José",676609,"Yankees",2025,"SS","13","153","-5"
"Vivas, Jorbit",678391,"Yankees",2025,"2B","16","147","17"
"Vivas, Jorbit",678391,"Yankees",2025,"3B","31","113","-27"
"Volpe, Anthony",683011,"Yankees",2025,"SS","387","153","-8"
"Domínguez, Jasson",691176,"Yankees",2025,"LF","252","288","-28"
"Rice, Ben",700250,"Yankees",2025,"1B","111","129","39"
"Harper, Bryce",547180,"Phillies",2025,"1B","1009","122","38"
"Castellanos, Nick",592206,"Phillies",2025,"RF","1033","300","26"
"Kepler, Max",596146,"Phillies",2025,"RF","205","303","27"
"Kepler, Max",596146,"Phillies",2025,"LF","638","292","-29"
"Turner, Trea",607208,"Phillies",2025,"SS","1027","152","-7"
"Walton, Donovan",622268,"Phillies",2025,"2B","18","149","18"
"Sosa, Edmundo",624641,"Phillies",2025,"3B","174","124","-28"
"Sosa, Edmundo",624641,"Phillies",2025,"SS","132","151","-8"
"Sosa, Edmundo",624641,"Phillies",2025,"2B","202","148","17"
"Wilson, Weston",642215,"Phillies",2025,"LF","163","289","-29"
"Wilson, Weston",642215,"Phillies",2025,"1B","40","124","38"
"Wilson, Weston",642215,"Phillies",2025,"2B","71","149","20"
"Schwarber, Kyle",656941,"Phillies",2025,"LF","71","282","-28"
"Bader, Harrison",664056,"Phillies",2025,"CF","365","323","-1"
"Bohm, Alec",664761,"Phillies",2025,"3B","845","120","-27"
"Bohm, Alec",664761,"Phillies",2025,"1B","86","123","38"
"Marsh, Brandon",669016,"Phillies",2025,"CF","468","322","-2"
"Marsh, Brandon",669016,"Phillies",2025,"LF","324","287","-29"
"Rojas, Johan",679032,"Phillies",2025,"CF","400","317","-2"
"Stott, Bryson",681082,"Phillies",2025,"SS","84","152","-6"
"Stott, Bryson",681082,"Phillies",2025,"2B","939","147","19"
"Kemp, Otto",805249,"Phillies",2025,"2B","12","148","20"
"Kemp, Otto",805249,"Phillies",2025,"3B","221","115","-27"
"Kemp, Otto",805249,"Phillies",2025,"LF","32","292","-29"
"Kemp, Otto",805249,"Phillies",2025,"1B","105","118","37"
"McCutchen, Andrew",457705,"Pirates",2025,"RF","33","309","25"
"Pham, Tommy",502054,"Pirates",2025,"LF","487","283","-28"
"Pham, Tommy",502054,"Pirates",2025,"RF","19","294","24"
"Frazier, Adam",624428,"Pirates",2025,"2B","250","146","21"
"Frazier, Adam",624428,"Pirates",2025,"LF","58","280","-29"
"Frazier, Adam",624428,"Pirates",2025,"RF","25","292","25"
"Kiner-Falefa, Isiah",643396,"Pirates",2025,"SS","392","152","-5"
"Kiner-Falefa, Isiah",643396,"Pirates",2025,"3B","84","108","-25"
"Hayes, Ke'Bryan",663647,"Pirates",2025,"3B","395","110","-27"
"Cruz, Oneil",665833,"Pirates",2025,"CF","570","310","-3"
"Valdez, Enmanuel",665839,"Pirates",2025,"2B","10","150","19"
"Valdez, Enmanuel",665839,"Pirates",2025,"1B","122","118","38"
"Reynolds, Bryan",668804,"Pirates",2025,"RF","510","301","26"
"Suwinski, Jack",669261,"Pirates",2025,"CF","79","314","-3"
"Suwinski, Jack",669261,"Pirates",2025,"RF","51","300","26"
"Suwinski, Jack",669261,"Pirates",2025,"LF","87","285","-29"
"Triolo, Jared",669707,"Pirates",2025,"2B","40","146","20"
"Triolo, Jared",669707,"Pirates",2025,"3B","178","123","-26"
"Triolo, Jared",669707,"Pirates",2025,"1B","57","121","38"
"Triolo, Jared",669707,"Pirates",2025,"SS","241","152","-5"
"Canario, Alexander",672744,"Pirates",2025,"RF","77","299","25"
"Canario, Alexander",672744,"Pirates",2025,"CF","110","318","-2"
"Canario, Alexander",672744,"Pirates",2025,"LF","94","284","-29"
"Bae, Ji Hwan",678225,"Pirates",2025,"RF","12","286","25"
"Bae, Ji Hwan",678225,"Pirates",2025,"LF","30","282","-29"
"Peguero, Liover",678894,"Pirates",2025,"1B","12","120","38"
"Peguero, Liover",678894,"Pirates",2025,"SS","27","153","-4"
"Peguero, Liover",678894,"Pirates",2025,"2B","16","148","19"
"Rodríguez, Endy",682848,"Pirates",2025,"1B","45","119","37"
"Simon, Ronny",682927,"Pirates",2025,"RF","18","294","25"
"Gorski, Matt",685301,"Pirates",2025,"1B","33","115","39"
"Horwitz, Spencer",687462,"Pirates",2025,"1B","429","123","39"
"Horwitz, Spencer",687462,"Pirates",2025,"2B","10","145","21"
"Devanney, Cam",687478,"Pirates",2025,"3B","109","122","-27"
"Cheng, Tsung-Che",691907,"Pirates",2025,"SS","11","152","-5"
"Gonzales, Nick",693304,"Pirates",2025,"2B","336","147","20"
"Gonzales, Nick",693304,"Pirates",2025,"SS","98","153","-5"
"Yorke, Nick",694377,"Pirates",2025,"RF","23","294","26"
"Yorke, Nick",694377,"Pirates",2025,"2B","101","145","21"
"Yorke, Nick",694377,"Pirates",2025,"1B","33","120","39"
"Flores, Rafael",804668,"Pirates",2025,"1B","30","127","39"
"Iglesias, Jose",578428,"Padres",2025,"2B","12","149","17"
"Iglesias, Jose",578428,"Padres",2025,"SS","18","152","-5"
"Machado, Manny",592518,"Padres",2025,"3B","48","93","-27"
"Bogaerts, Xander",593428,"Padres",2025,"SS","25","151","-4"
"Cronenworth, Jake",630105,"Padres",2025,"2B","29","148","19"
"Wade, Tyler",642180,"Padres",2025,"CF","10","310","-4"
"Arraez, Luis",650333,"Padres",2025,"2B","10","148","20"
"Arraez, Luis",650333,"Padres",2025,"1B","28","129","38"
"O'Hearn, Ryan",656811,"Padres",2025,"1B","16","120","38"
"Laureano, Ramón",657656,"Padres",2025,"LF","15","299","-25"
"Sheets, Gavin",657757,"Padres",2025,"1B","10","115","34"
"Sheets, Gavin",657757,"Padres",2025,"LF","18","295","-28"
"Tatis Jr., Fernando",665487,"Padres",2025,"RF","47","293","27"
"Merrill, Jackson",701538,"Padres",2025,"CF","41","315","-1"
"Solano, Donovan",456781,"Mariners",2025,"1B","213","128","36"
"Suárez, Eugenio",553993,"Mariners",2025,"3B","220","104","-28"
"Polanco, Jorge",593871,"Mariners",2025,"2B","129","148","19"
"Polanco, Jorge",593871,"Mariners",2025,"3B","26","108","-28"
"Crawford, J.P.",641487,"Mariners",2025,"SS","713","150","-7"
"Tellez, Rowdy",642133,"Mariners",2025,"1B","216","126","37"
"Robles, Victor",645302,"Mariners",2025,"RF","102","296","25"
"Naylor, Josh",647304,"Mariners",2025,"1B","199","124","36"
"Rivas, Leo",660844,"Mariners",2025,"SS","14","152","-5"
"Rivas, Leo",660844,"Mariners",2025,"2B","75","148","19"
"Moore, Dylan",664238,"Mariners",2025,"2B","99","148","19"
"Moore, Dylan",664238,"Mariners",2025,"1B","11","126","38"
"Moore, Dylan",664238,"Mariners",2025,"3B","36","119","-26"
"Moore, Dylan",664238,"Mariners",2025,"RF","78","300","25"
"Taveras, Leody",665750,"Mariners",2025,"RF","129","305","25"
"Arozarena, Randy",668227,"Mariners",2025,"LF","717","287","-28"
"Bliss, Ryan",669208,"Mariners",2025,"2B","53","147","21"
"Raley, Luke",670042,"Mariners",2025,"RF","97","303","25"
"Raley, Luke",670042,"Mariners",2025,"1B","94","124","37"
"Mastrobuoni, Miles",670156,"Mariners",2025,"3B","71","105","-27"
"Mastrobuoni, Miles",670156,"Mariners",2025,"RF","31","300","25"
"Mastrobuoni, Miles",670156,"Mariners",2025,"LF","17","292","-28"
"Mastrobuoni, Miles",670156,"Mariners",2025,"2B","50","147","20"
"Rodríguez, Julio",677594,"Mariners",2025,"CF","724","321","-2"
"Canzone, Dominic",686527,"Mariners",2025,"RF","286","301","25"
"Young, Cole",702284,"Mariners",2025,"2B","330","146","19"
"Williamson, Ben",810938,"Mariners",2025,"3B","381","107","-28"
"Flores, Wilmer",527038,"Giants",2025,"1B","236","120","38"
"Flores, Wilmer",527038,"Giants",2025,"3B","11","112","-28"
"Yastrzemski, Mike",573262,"Giants",2025,"RF","747","302","27"
"Smith, Dominic",642086,"Giants",2025,"1B","403","123","37"
"Adames, Willy",642715,"Giants",2025,"SS","1411","151","-6"
"Devers, Rafael",646240,"Giants",2025,"1B","269","125","39"
"Chapman, Matt",656305,"Giants",2025,"3B","1142","117","-28"
"Wade Jr., LaMonte",664774,"Giants",2025,"1B","318","126","37"
"Fitzgerald, Tyler",666149,"Giants",2025,"RF","19","297","27"
"Fitzgerald, Tyler",666149,"Giants",2025,"2B","546","148","19"
"Encarnacion, Jerar",666464,"Giants",2025,"RF","80","301","27"
"Encarnacion, Jerar",666464,"Giants",2025,"LF","11","260","-30"
"Johnson, Daniel",669288,"Giants",2025,"CF","41","323","-3"
"Johnson, Daniel",669288,"Giants",2025,"RF","28","303","24"
"Schmitt, Casey",669477,"Giants",2025,"3B","183","121","-27"
"Schmitt, Casey",669477,"Giants",2025,"2B","448","148","20"
"Schmitt, Casey",669477,"Giants",2025,"1B","117","120","38"
"Ramos, Heliot",671218,"Giants",2025,"LF","1329","286","-29"
"Villar, David",681584,"Giants",2025,"1B","63","125","37"
"Matos, Luis",682641,"Giants",2025,"LF","82","294","-29"
"Matos, Luis",682641,"Giants",2025,"CF","58","324","-2"
"Matos, Luis",682641,"Giants",2025,"RF","267","303","27"
"Koss, Christian",683766,"Giants",2025,"2B","346","149","19"
"Koss, Christian",683766,"Giants",2025,"3B","74","119","-29"
"Koss, Christian",683766,"Giants",2025,"SS","13","153","-6"
"McCray, Grant",687529,"Giants",2025,"RF","58","302","26"
"Gilbert, Drew",687551,"Giants",2025,"RF","234","303","26"
"Gilbert, Drew",687551,"Giants",2025,"CF","55","327","-1"
"Wisely, Brett",689172,"Giants",2025,"2B","93","149","19"
"Wisely, Brett",689172,"Giants",2025,"3B","19","114","-29"
"Eldridge, Bryce",805811,"Giants",2025,"1B","27","119","38"
"Lee, Jung Hoo",808982,"Giants",2025,"CF","1277","321","-3"
"Arenado, Nolan",571448,"Cardinals",2025,"3B","249","104","-26"
"Contreras, Willson",575929,"Cardinals",2025,"1B","365","121","39"
"Nootbaar, Lars",663457,"Cardinals",2025,"RF","75","299","26"
"Nootbaar, Lars",663457,"Cardinals",2025,"CF","34","317","-1"
"Nootbaar, Lars",663457,"Cardinals",2025,"LF","282","291","-29"
"Fermín, José",665877,"Cardinals",2025,"2B","39","148","21"
"Gorman, Nolan",669357,"Cardinals",2025,"2B","70","147","21"
"Gorman, Nolan",669357,"Cardinals",2025,"1B","16","123","39"
"Gorman, Nolan",669357,"Cardinals",2025,"3B","184","106","-28"
"Herrera, Iván",671056,"Cardinals",2025,"LF","15","290","-29"
"Siani, Michael",672279,"Cardinals",2025,"CF","17","318","-3"
"Burleson, Alec",676475,"Cardinals",2025,"1B","111","124","39"
"Burleson, Alec",676475,"Cardinals",2025,"RF","88","303","26"
"Burleson, Alec",676475,"Cardinals",2025,"LF","132","288","-29"
"Barrero, José",676480,"Cardinals",2025,"CF","10","320","-3"
"Barrero, José",676480,"Cardinals",2025,"SS","10","152","-7"
"Donovan, Brendan",680977,"Cardinals",2025,"LF","48","289","-29"
"Donovan, Brendan",680977,"Cardinals",2025,"2B","300","147","21"
"Scott II, Victor",687363,"Cardinals",2025,"CF","382","323","-2"
"Walker, Jordan",691023,"Cardinals",2025,"RF","317","298","26"
"Winn, Masyn",691026,"Cardinals",2025,"SS","421","152","-6"
"Saggese, Thomas",695336,"Cardinals",2025,"3B","59","116","-27"
"Saggese, Thomas",695336,"Cardinals",2025,"2B","84","147","21"
"Saggese, Thomas",695336,"Cardinals",2025,"SS","67","152","-6"
"Church, Nathan",701675,"Cardinals",2025,"CF","50","324","-1"
"Jankowski, Travis",608671,"Rays",2025,"RF","21","306","27"
"Díaz, Yandy",650490,"Rays",2025,"1B","138","118","38"
"Gray, Tristan",656484,"Rays",2025,"3B","25","121","-27"
"Gray, Tristan",656484,"Rays",2025,"SS","23","155","-4"
"Gray, Tristan",656484,"Rays",2025,"2B","40","148","20"
"Montes, Coco",663796,"Rays",2025,"2B","10","148","21"
"Mangum, Jake",663968,"Rays",2025,"RF","80","306","27"
"Mangum, Jake",663968,"Rays",2025,"LF","160","296","-28"
"Mangum, Jake",663968,"Rays",2025,"CF","146","324","-1"
"Lowe, Brandon",664040,"Rays",2025,"2B","377","148","19"
"Aranda, Jonathan",666018,"Rays",2025,"1B","252","124","38"
"Lowe, Josh",666139,"Rays",2025,"RF","346","306","27"
"Morel, Christopher",666624,"Rays",2025,"LF","163","297","-27"
"Misner, Kameron",670224,"Rays",2025,"CF","114","329","-1"
"Misner, Kameron",670224,"Rays",2025,"RF","13","306","27"
"Walls, Taylor",670764,"Rays",2025,"SS","274","155","-4"
"Peters, Tristan",671976,"Rays",2025,"CF","16","323","-1"
"Kim, Ha-Seong",673490,"Rays",2025,"SS","42","154","-5"
"Seymour, Bob",676044,"Rays",2025,"1B","102","124","37"
"DeLuca, Jonny",676356,"Rays",2025,"CF","32","325","-1"
"Caballero, José",676609,"Rays",2025,"SS","41","154","-5"
"Caballero, José",676609,"Rays",2025,"3B","19","125","-26"
"Caballero, José",676609,"Rays",2025,"RF","69","310","27"
"Caballero, José",676609,"Rays",2025,"LF","13","297","-28"
"Caballero, José",676609,"Rays",2025,"2B","50","148","21"
"Pereira, Everson",677592,"Rays",2025,"CF","74","323","-1"
"Mead, Curtis",678554,"Rays",2025,"1B","27","131","39"
"Mead, Curtis",678554,"Rays",2025,"2B","37","149","21"
"Palacios, Richie",680700,"Rays",2025,"LF","14","296","-27"
"Palacios, Richie",680700,"Rays",2025,"2B","15","150","19"
"Caminero, Junior",691406,"Rays",2025,"3B","490","118","-27"
"Williams, Carson",700246,"Rays",2025,"SS","164","154","-4"
"Simpson, Chandler",802415,"Rays",2025,"CF","156","326","-1"
"Simpson, Chandler",802415,"Rays",2025,"LF","184","299","-27"
"Semien, Marcus",543760,"Rangers",2025,"2B","171","150","17"
"Ahmed, Nick",605113,"Rangers",2025,"SS","11","154","-5"
"Pillar, Kevin",607680,"Rangers",2025,"CF","12","321","0"
"Seager, Corey",608369,"Rangers",2025,"SS","119","153","-7"
"McKinney, Billy",641856,"Rangers",2025,"RF","13","311","27"
"Tellez, Rowdy",642133,"Rangers",2025,"1B","44","126","38"
"Haggerty, Sam",664059,"Rangers",2025,"LF","26","282","-28"
"Haggerty, Sam",664059,"Rangers",2025,"RF","11","293","26"
"Taveras, Leody",665750,"Rangers",2025,"CF","34","321","-2"
"García, Adolis",666969,"Rangers",2025,"RF","157","298","26"
"Burger, Jake",669394,"Rangers",2025,"1B","146","126","38"
"Smith, Josh",669701,"Rangers",2025,"1B","20","116","39"
"Smith, Josh",669701,"Rangers",2025,"SS","47","152","-5"
"Smith, Josh",669701,"Rangers",2025,"LF","10","282","-29"
"Smith, Josh",669701,"Rangers",2025,"3B","37","101","-28"
"Smith, Josh",669701,"Rangers",2025,"RF","20","296","26"
"Jung, Josh",673962,"Rangers",2025,"3B","170","101","-29"
"Duran, Ezequiel",677649,"Rangers",2025,"SS","55","152","-8"
"Duran, Ezequiel",677649,"Rangers",2025,"2B","13","148","19"
"Duran, Ezequiel",677649,"Rangers",2025,"1B","14","119","39"
"Duran, Ezequiel",677649,"Rangers",2025,"3B","19","102","-29"
"Helman, Michael",680737,"Rangers",2025,"CF","61","321","-2"
"Freeman, Cody",683227,"Rangers",2025,"2B","40","147","17"
"Freeman, Cody",683227,"Rangers",2025,"3B","13","119","-26"
"Harris, Dustin",687957,"Rangers",2025,"LF","10","288","-30"
"Carter, Evan",694497,"Rangers",2025,"CF","73","319","-1"
"Langford, Wyatt",694671,"Rangers",2025,"CF","45","312","-3"
"Langford, Wyatt",694671,"Rangers",2025,"LF","133","286","-28"
"Osuna, Alejandro",696030,"Rangers",2025,"LF","52","288","-30"
"Osuna, Alejandro",696030,"Rangers",2025,"RF","21","312","25"
"Springer, George",543807,"Blue Jays",2025,"LF","27","292","-30"
"Springer, George",543807,"Blue Jays",2025,"RF","170","309","25"
"Springer, George",543807,"Blue Jays",2025,"CF","28","330","-3"
"Santander, Anthony",623993,"Blue Jays",2025,"RF","65","307","23"
"Santander, Anthony",623993,"Blue Jays",2025,"LF","40","287","-30"
"Kiner-Falefa, Isiah",643396,"Blue Jays",2025,"2B","11","149","18"
"Kiner-Falefa, Isiah",643396,"Blue Jays",2025,"3B","28","113","-27"
"Varsho, Daulton",662139,"Blue Jays",2025,"CF","252","319","-2"
"France, Ty",664034,"Blue Jays",2025,"1B","45","129","38"
"Straw, Myles",664702,"Blue Jays",2025,"CF","230","319","-3"
"Straw, Myles",664702,"Blue Jays",2025,"LF","73","286","-30"
"Straw, Myles",664702,"Blue Jays",2025,"RF","15","298","26"
"Lukes, Nathan",664770,"Blue Jays",2025,"LF","110","288","-30"
"Lukes, Nathan",664770,"Blue Jays",2025,"RF","175","304","26"
"Lukes, Nathan",664770,"Blue Jays",2025,"CF","101","324","-2"
"Guerrero Jr., Vladimir",665489,"Blue Jays",2025,"1B","534","121","38"
"Giménez, Andrés",665926,"Blue Jays",2025,"SS","74","152","-8"
"Giménez, Andrés",665926,"Blue Jays",2025,"2B","309","149","20"
"Bichette, Bo",666182,"Blue Jays",2025,"SS","498","152","-9"
"Clement, Ernie",676391,"Blue Jays",2025,"SS","54","151","-9"
"Clement, Ernie",676391,"Blue Jays",2025,"2B","212","149","18"
"Clement, Ernie",676391,"Blue Jays",2025,"1B","28","115","37"
"Clement, Ernie",676391,"Blue Jays",2025,"3B","225","114","-26"
"Schneider, Davis",676914,"Blue Jays",2025,"2B","47","149","18"
"Schneider, Davis",676914,"Blue Jays",2025,"LF","128","286","-29"
"Jiménez, Leo",677870,"Blue Jays",2025,"2B","22","148","19"
"Barger, Addison",680718,"Blue Jays",2025,"RF","148","302","26"
"Barger, Addison",680718,"Blue Jays",2025,"3B","266","112","-27"
"Clase, Jonatan",682729,"Blue Jays",2025,"CF","14","326","-1"
"Clase, Jonatan",682729,"Blue Jays",2025,"LF","83","285","-30"
"Stefanic, Michael",683021,"Blue Jays",2025,"2B","23","150","17"
"Loperfido, Joey",694388,"Blue Jays",2025,"LF","53","290","-29"
"Loperfido, Joey",694388,"Blue Jays",2025,"RF","22","293","27"
"Wagner, Will",695238,"Blue Jays",2025,"1B","19","123","37"
"Wagner, Will",695238,"Blue Jays",2025,"3B","106","117","-26"
"Roden, Alan",702176,"Blue Jays",2025,"LF","110","289","-29"
"Roden, Alan",702176,"Blue Jays",2025,"RF","29","309","25"
"Bell, Josh",605137,"Nationals",2025,"1B","152","120","38"
"Rosario, Amed",642708,"Nationals",2025,"2B","72","149","18"
"Rosario, Amed",642708,"Nationals",2025,"3B","109","117","-27"
"DeJong, Paul",657557,"Nationals",2025,"SS","40","154","-4"
"DeJong, Paul",657557,"Nationals",2025,"2B","32","149","18"
"DeJong, Paul",657557,"Nationals",2025,"3B","175","116","-27"
"Lowe, Nathaniel",663993,"Nationals",2025,"1B","505","125","39"
"Chaparro, Andrés",665953,"Nationals",2025,"1B","59","126","38"
"Call, Alex",669743,"Nationals",2025,"RF","151","303","27"
"Call, Alex",669743,"Nationals",2025,"LF","107","289","-28"
"Call, Alex",669743,"Nationals",2025,"CF","14","321","0"
"García Jr., Luis",671277,"Nationals",2025,"1B","13","126","40"
"García Jr., Luis",671277,"Nationals",2025,"2B","566","149","18"
"Tena, José",677588,"Nationals",2025,"3B","187","120","-28"
"Abrams, CJ",682928,"Nationals",2025,"SS","642","154","-5"
"Nuñez, Nasim",683083,"Nationals",2025,"2B","51","148","19"
"Nuñez, Nasim",683083,"Nationals",2025,"SS","47","152","-6"
"Crews, Dylan",686611,"Nationals",2025,"CF","53","323","-3"
"Crews, Dylan",686611,"Nationals",2025,"RF","341","298","26"
"Hassell III, Robert",690987,"Nationals",2025,"RF","33","296","27"
"Hassell III, Robert",690987,"Nationals",2025,"CF","179","324","-1"
"House, Brady",691781,"Nationals",2025,"3B","256","112","-27"
"Wood, James",695578,"Nationals",2025,"LF","534","297","-29"
"Lile, Daylen",695734,"Nationals",2025,"LF","83","290","-28"
"Lile, Daylen",695734,"Nationals",2025,"RF","205","302","27"
"Young, Jacob",696285,"Nationals",2025,"CF","480","321","-1"